{
  "Pantheon+ (SNe only)": {
    "H0": {
      "mean": 69.65971554374696,
      "median": 69.46736526489258,
      "err_lower": 6.835372619628906,
      "err_upper": 7.36141067504883,
      "std": 5.9351493069502
    },
    "Omega_m": {
      "mean": 0.34696024559438227,
      "median": 0.3466373383998871,
      "err_lower": 0.018132923841476467,
      "err_upper": 0.018513089418411233,
      "std": 0.018179295782177845
    }
  },
  "Pantheon+SH0ES": {
    "H0": {
      "mean": 69.90192865371704,
      "median": 69.88346099853516,
      "err_lower": 6.602016143798828,
      "err_upper": 6.574311523437501,
      "std": 5.625115035101133
    },
    "Omega_m": {
      "mean": 0.34592383670806887,
      "median": 0.3460715562105179,
      "err_lower": 0.0180057495832443,
      "err_upper": 0.017143872380256664,
      "std": 0.018066338804627793
    }
  }
}